Platform Domain,Submission Category,Submission Status,Target Backlink URL,Anchor Text Used,Article / Profile Note
telegra.ph,Live Published Article,LIVE & INDEXED,https://reactcorpdisability.com.au/,ReactCorp Registered Provider Roselands,https://telegra.ph/Choosing-NDIS-Service-Providers-in-Roselands-NSW-07-27
telegra.ph,Live Published Article,LIVE & INDEXED,https://reactcorpdisability.com.au/our-services/,NDIS Support Coordination Level 1 2 3,https://telegra.ph/Understanding-NDIS-Support-Connection-vs-Coordination-07-27
telegra.ph,Live Published Article,LIVE & INDEXED,https://reactcorpdisability.com.au/price/,ReactCorp SIL Accommodation Sydney,https://telegra.ph/Supported-Independent-Living-Options-in-Sydney-07-27
telegra.ph,Live Published Article,LIVE & INDEXED,https://reactcorpdisability.com.au/contact/,24/7 NDIS Crisis Intake Sydney,https://telegra.ph/Emergency-NDIS-Accommodation--247-Response-Sydney-07-27
telegra.ph,Live Published Article,LIVE & INDEXED,https://reactcorpdisability.com.au/our-services/,ReactCorp NDIS Plan Support,https://telegra.ph/Navigating-NDIS-Plan-Reviews--Provider-Agreements-07-27
telegra.ph,Live Published Article,LIVE & INDEXED,https://reactcorpdisability.com.au/,ReactCorp Approved Registration Groups,https://telegra.ph/Top-NDIS-Registration-Groups-Explained-0132-0115-0107-07-27
telegra.ph,Live Published Article,LIVE & INDEXED,https://reactcorpdisability.com.au/our-services/,Personal Care Support Workers Sydney,https://telegra.ph/Daily-Living-Support--Personal-Care-in-Canterbury-Bankstown-07-27
telegra.ph,Live Published Article,LIVE & INDEXED,https://reactcorpdisability.com.au/price/,100% NDIS Price Guide Compliant,https://telegra.ph/NDIS-Price-Limits--Transparent-Invoicing-Standards-07-27
telegra.ph,Live Published Article,LIVE & INDEXED,https://reactcorpdisability.com.au/contact/,Contact ReactCorp 24/7 Sydney Intake,https://telegra.ph/How-to-Access-Fast-247-NDIS-Participant-Intake-07-27
telegra.ph,Live Published Article,LIVE & INDEXED,https://reactcorpdisability.com.au/our-services/,ReactCorp Life Skills & Community Access,https://telegra.ph/Building-Participant-Independence-Through-NDIS-Skill-Building-07-27
fuzia.com,Guest Post / Article Directory,Pre-Formatted Content Ready,https://reactcorpdisability.com.au/,NDIS Provider Roselands Sydney,Content formatted in ndis_guest_blog_post.md
voticle.com,Guest Post / Article Directory,Pre-Formatted Content Ready,https://reactcorpdisability.com.au/,NDIS Provider Roselands Sydney,Content formatted in ndis_guest_blog_post.md
foxnewstips.com,Guest Post / Article Directory,Pre-Formatted Content Ready,https://reactcorpdisability.com.au/,NDIS Provider Roselands Sydney,Content formatted in ndis_guest_blog_post.md
thefreelibrary.com,Guest Post / Article Directory,Pre-Formatted Content Ready,https://reactcorpdisability.com.au/,NDIS Provider Roselands Sydney,Content formatted in ndis_guest_blog_post.md
articlebiz.com,Guest Post / Article Directory,Pre-Formatted Content Ready,https://reactcorpdisability.com.au/,NDIS Provider Roselands Sydney,Content formatted in ndis_guest_blog_post.md
articlesnatch.com,Guest Post / Article Directory,Pre-Formatted Content Ready,https://reactcorpdisability.com.au/,NDIS Provider Roselands Sydney,Content formatted in ndis_guest_blog_post.md
pressconference.great-site.net,Guest Post / Article Directory,Pre-Formatted Content Ready,https://reactcorpdisability.com.au/,NDIS Provider Roselands Sydney,Content formatted in ndis_guest_blog_post.md
dailybusinesspost.com,Guest Post / Article Directory,Pre-Formatted Content Ready,https://reactcorpdisability.com.au/,NDIS Provider Roselands Sydney,Content formatted in ndis_guest_blog_post.md
easyfie.com,Guest Post / Article Directory,Pre-Formatted Content Ready,https://reactcorpdisability.com.au/,NDIS Provider Roselands Sydney,Content formatted in ndis_guest_blog_post.md
nybpost.com,Guest Post / Article Directory,Pre-Formatted Content Ready,https://reactcorpdisability.com.au/,NDIS Provider Roselands Sydney,Content formatted in ndis_guest_blog_post.md
fortunetelleroracle.com,Guest Post / Article Directory,Pre-Formatted Content Ready,https://reactcorpdisability.com.au/,NDIS Provider Roselands Sydney,Content formatted in ndis_guest_blog_post.md
dailygram.com,Guest Post / Article Directory,Pre-Formatted Content Ready,https://reactcorpdisability.com.au/,NDIS Provider Roselands Sydney,Content formatted in ndis_guest_blog_post.md
ibusinessday.com,Guest Post / Article Directory,Pre-Formatted Content Ready,https://reactcorpdisability.com.au/,NDIS Provider Roselands Sydney,Content formatted in ndis_guest_blog_post.md
sevenarticle.com,Guest Post / Article Directory,Pre-Formatted Content Ready,https://reactcorpdisability.com.au/,NDIS Provider Roselands Sydney,Content formatted in ndis_guest_blog_post.md
articlescad.com,Guest Post / Article Directory,Pre-Formatted Content Ready,https://reactcorpdisability.com.au/,NDIS Provider Roselands Sydney,Content formatted in ndis_guest_blog_post.md
homment.com,Guest Post / Article Directory,Pre-Formatted Content Ready,https://reactcorpdisability.com.au/,NDIS Provider Roselands Sydney,Content formatted in ndis_guest_blog_post.md
toparticlesubmissionsites.com,Guest Post / Article Directory,Pre-Formatted Content Ready,https://reactcorpdisability.com.au/,NDIS Provider Roselands Sydney,Content formatted in ndis_guest_blog_post.md
top10apunkagames.com,Guest Post / Article Directory,Pre-Formatted Content Ready,https://reactcorpdisability.com.au/,NDIS Provider Roselands Sydney,Content formatted in ndis_guest_blog_post.md
freshersnews.co.in,Guest Post / Article Directory,Pre-Formatted Content Ready,https://reactcorpdisability.com.au/,NDIS Provider Roselands Sydney,Content formatted in ndis_guest_blog_post.md
knockinglive.com,Guest Post / Article Directory,Pre-Formatted Content Ready,https://reactcorpdisability.com.au/,NDIS Provider Roselands Sydney,Content formatted in ndis_guest_blog_post.md
yourtechguru.co,Guest Post / Article Directory,Pre-Formatted Content Ready,https://reactcorpdisability.com.au/,NDIS Provider Roselands Sydney,Content formatted in ndis_guest_blog_post.md
dvarta.com,Guest Post / Article Directory,Pre-Formatted Content Ready,https://reactcorpdisability.com.au/,NDIS Provider Roselands Sydney,Content formatted in ndis_guest_blog_post.md
nascentindia.xyz,Guest Post / Article Directory,Pre-Formatted Content Ready,https://reactcorpdisability.com.au/,NDIS Provider Roselands Sydney,Content formatted in ndis_guest_blog_post.md
casinopost.org,Guest Post / Article Directory,Pre-Formatted Content Ready,https://reactcorpdisability.com.au/,NDIS Provider Roselands Sydney,Content formatted in ndis_guest_blog_post.md
businesssinc.com,Guest Post / Article Directory,Pre-Formatted Content Ready,https://reactcorpdisability.com.au/,NDIS Provider Roselands Sydney,Content formatted in ndis_guest_blog_post.md
mediaek.com,Guest Post / Article Directory,Pre-Formatted Content Ready,https://reactcorpdisability.com.au/,NDIS Provider Roselands Sydney,Content formatted in ndis_guest_blog_post.md
zoombazi.com,Guest Post / Article Directory,Pre-Formatted Content Ready,https://reactcorpdisability.com.au/,NDIS Provider Roselands Sydney,Content formatted in ndis_guest_blog_post.md
seehowcan.com,Guest Post / Article Directory,Pre-Formatted Content Ready,https://reactcorpdisability.com.au/,NDIS Provider Roselands Sydney,Content formatted in ndis_guest_blog_post.md
ravibarot.com,Guest Post / Article Directory,Pre-Formatted Content Ready,https://reactcorpdisability.com.au/,NDIS Provider Roselands Sydney,Content formatted in ndis_guest_blog_post.md
wikifeedz.com,Guest Post / Article Directory,Pre-Formatted Content Ready,https://reactcorpdisability.com.au/,NDIS Provider Roselands Sydney,Content formatted in ndis_guest_blog_post.md
froodl.com,Guest Post / Article Directory,Pre-Formatted Content Ready,https://reactcorpdisability.com.au/,NDIS Provider Roselands Sydney,Content formatted in ndis_guest_blog_post.md
blog.mymemories.com,Guest Post / Article Directory,Pre-Formatted Content Ready,https://reactcorpdisability.com.au/,NDIS Provider Roselands Sydney,Content formatted in ndis_guest_blog_post.md
bulksitechecker.com,Guest Post / Article Directory,Pre-Formatted Content Ready,https://reactcorpdisability.com.au/,NDIS Provider Roselands Sydney,Content formatted in ndis_guest_blog_post.md
cracks4pc.com,Guest Post / Article Directory,Pre-Formatted Content Ready,https://reactcorpdisability.com.au/,NDIS Provider Roselands Sydney,Content formatted in ndis_guest_blog_post.md
foindia.com,Guest Post / Article Directory,Pre-Formatted Content Ready,https://reactcorpdisability.com.au/,NDIS Provider Roselands Sydney,Content formatted in ndis_guest_blog_post.md
guestposttimes.com,Guest Post / Article Directory,Pre-Formatted Content Ready,https://reactcorpdisability.com.au/,NDIS Provider Roselands Sydney,Content formatted in ndis_guest_blog_post.md
visualsolutionsonline.com,Guest Post / Article Directory,Pre-Formatted Content Ready,https://reactcorpdisability.com.au/,NDIS Provider Roselands Sydney,Content formatted in ndis_guest_blog_post.md
techplanet.today,Guest Post / Article Directory,Pre-Formatted Content Ready,https://reactcorpdisability.com.au/,NDIS Provider Roselands Sydney,Content formatted in ndis_guest_blog_post.md
thevividreader.com,Guest Post / Article Directory,Pre-Formatted Content Ready,https://reactcorpdisability.com.au/,NDIS Provider Roselands Sydney,Content formatted in ndis_guest_blog_post.md
bluegraydaily.com,Guest Post / Article Directory,Pre-Formatted Content Ready,https://reactcorpdisability.com.au/,NDIS Provider Roselands Sydney,Content formatted in ndis_guest_blog_post.md
timesbusinessidea.com,Guest Post / Article Directory,Pre-Formatted Content Ready,https://reactcorpdisability.com.au/,NDIS Provider Roselands Sydney,Content formatted in ndis_guest_blog_post.md
blogmusketeer.com,Guest Post / Article Directory,Pre-Formatted Content Ready,https://reactcorpdisability.com.au/,NDIS Provider Roselands Sydney,Content formatted in ndis_guest_blog_post.md
global-gathering.com,Guest Post / Article Directory,Pre-Formatted Content Ready,https://reactcorpdisability.com.au/,NDIS Provider Roselands Sydney,Content formatted in ndis_guest_blog_post.md
todaynewsblogs.com,Guest Post / Article Directory,Pre-Formatted Content Ready,https://reactcorpdisability.com.au/,NDIS Provider Roselands Sydney,Content formatted in ndis_guest_blog_post.md
businessfig.com,Guest Post / Article Directory,Pre-Formatted Content Ready,https://reactcorpdisability.com.au/,NDIS Provider Roselands Sydney,Content formatted in ndis_guest_blog_post.md
dailymagzines.net,Guest Post / Article Directory,Pre-Formatted Content Ready,https://reactcorpdisability.com.au/,NDIS Provider Roselands Sydney,Content formatted in ndis_guest_blog_post.md
dailytimesblog.com,Guest Post / Article Directory,Pre-Formatted Content Ready,https://reactcorpdisability.com.au/,NDIS Provider Roselands Sydney,Content formatted in ndis_guest_blog_post.md
dailynewsstudy.com,Guest Post / Article Directory,Pre-Formatted Content Ready,https://reactcorpdisability.com.au/,NDIS Provider Roselands Sydney,Content formatted in ndis_guest_blog_post.md
thedigitalwebs.com,Guest Post / Article Directory,Pre-Formatted Content Ready,https://reactcorpdisability.com.au/,NDIS Provider Roselands Sydney,Content formatted in ndis_guest_blog_post.md
toptrendybusiness.com,Guest Post / Article Directory,Pre-Formatted Content Ready,https://reactcorpdisability.com.au/,NDIS Provider Roselands Sydney,Content formatted in ndis_guest_blog_post.md
businessexperiment.co.uk,Guest Post / Article Directory,Pre-Formatted Content Ready,https://reactcorpdisability.com.au/,NDIS Provider Roselands Sydney,Content formatted in ndis_guest_blog_post.md
thebusinesspost.net,Guest Post / Article Directory,Pre-Formatted Content Ready,https://reactcorpdisability.com.au/,NDIS Provider Roselands Sydney,Content formatted in ndis_guest_blog_post.md
brcanskiforum.com,Guest Post / Article Directory,Pre-Formatted Content Ready,https://reactcorpdisability.com.au/,NDIS Provider Roselands Sydney,Content formatted in ndis_guest_blog_post.md
worldishealthy.com,Guest Post / Article Directory,Pre-Formatted Content Ready,https://reactcorpdisability.com.au/,NDIS Provider Roselands Sydney,Content formatted in ndis_guest_blog_post.md
wpc16live.com,Guest Post / Article Directory,Pre-Formatted Content Ready,https://reactcorpdisability.com.au/,NDIS Provider Roselands Sydney,Content formatted in ndis_guest_blog_post.md
myfoodies.com,Guest Post / Article Directory,Pre-Formatted Content Ready,https://reactcorpdisability.com.au/,NDIS Provider Roselands Sydney,Content formatted in ndis_guest_blog_post.md
mcnezu.com,Guest Post / Article Directory,Pre-Formatted Content Ready,https://reactcorpdisability.com.au/,NDIS Provider Roselands Sydney,Content formatted in ndis_guest_blog_post.md
toptechnologypost.com,Guest Post / Article Directory,Pre-Formatted Content Ready,https://reactcorpdisability.com.au/,NDIS Provider Roselands Sydney,Content formatted in ndis_guest_blog_post.md
nairaland.com,Guest Post / Article Directory,Pre-Formatted Content Ready,https://reactcorpdisability.com.au/,NDIS Provider Roselands Sydney,Content formatted in ndis_guest_blog_post.md
fabsswing.com,Guest Post / Article Directory,Pre-Formatted Content Ready,https://reactcorpdisability.com.au/,NDIS Provider Roselands Sydney,Content formatted in ndis_guest_blog_post.md
marketbusinesswatch.com,Guest Post / Article Directory,Pre-Formatted Content Ready,https://reactcorpdisability.com.au/,NDIS Provider Roselands Sydney,Content formatted in ndis_guest_blog_post.md
savefromnetpost.com,Guest Post / Article Directory,Pre-Formatted Content Ready,https://reactcorpdisability.com.au/,NDIS Provider Roselands Sydney,Content formatted in ndis_guest_blog_post.md
todayshomebuyersguide.com,Guest Post / Article Directory,Pre-Formatted Content Ready,https://reactcorpdisability.com.au/,NDIS Provider Roselands Sydney,Content formatted in ndis_guest_blog_post.md
hufftime.com,Guest Post / Article Directory,Pre-Formatted Content Ready,https://reactcorpdisability.com.au/,NDIS Provider Roselands Sydney,Content formatted in ndis_guest_blog_post.md
businesszag.com,Guest Post / Article Directory,Pre-Formatted Content Ready,https://reactcorpdisability.com.au/,NDIS Provider Roselands Sydney,Content formatted in ndis_guest_blog_post.md
teqnotech.com,Guest Post / Article Directory,Pre-Formatted Content Ready,https://reactcorpdisability.com.au/,NDIS Provider Roselands Sydney,Content formatted in ndis_guest_blog_post.md
justpaste.it,Guest Post / Article Directory,Pre-Formatted Content Ready,https://reactcorpdisability.com.au/,NDIS Provider Roselands Sydney,Content formatted in ndis_guest_blog_post.md
sites.google.com,Guest Post / Article Directory,Pre-Formatted Content Ready,https://reactcorpdisability.com.au/,NDIS Provider Roselands Sydney,Content formatted in ndis_guest_blog_post.md
quora.com,Guest Post / Article Directory,Pre-Formatted Content Ready,https://reactcorpdisability.com.au/,NDIS Provider Roselands Sydney,Content formatted in ndis_guest_blog_post.md
github.com,Guest Post / Article Directory,Pre-Formatted Content Ready,https://reactcorpdisability.com.au/,NDIS Provider Roselands Sydney,Content formatted in ndis_guest_blog_post.md
ezinearticles.com,Guest Post / Article Directory,Pre-Formatted Content Ready,https://reactcorpdisability.com.au/,NDIS Provider Roselands Sydney,Content formatted in ndis_guest_blog_post.md
linkedin.com,Guest Post / Article Directory,Pre-Formatted Content Ready,https://reactcorpdisability.com.au/,NDIS Provider Roselands Sydney,Content formatted in ndis_guest_blog_post.md
tumblr.com,Guest Post / Article Directory,Pre-Formatted Content Ready,https://reactcorpdisability.com.au/,NDIS Provider Roselands Sydney,Content formatted in ndis_guest_blog_post.md
medium.com,Guest Post / Article Directory,Pre-Formatted Content Ready,https://reactcorpdisability.com.au/,NDIS Provider Roselands Sydney,Content formatted in ndis_guest_blog_post.md
penzu.com,Guest Post / Article Directory,Pre-Formatted Content Ready,https://reactcorpdisability.com.au/,NDIS Provider Roselands Sydney,Content formatted in ndis_guest_blog_post.md
telegra.ph,Live Published Article,LIVE & INDEXED,https://reactcorpdisability.com.au/blog/#pillar-6,NDIS Personal Care & High Intensity Nursing,https://telegra.ph/Guide-to-NDIS-Personal-Care--High-Intensity-Nursing--ReactCorp-Disability-Services-2026-1-08-11
telegra.ph,Live Published Article,LIVE & INDEXED,https://reactcorpdisability.com.au/blog/#pillar-2,Registered NDIS Service Provider Australia,https://telegra.ph/Understanding-Registered-NDIS-Service-Provider-Australia--Quality-Disability-Supports-2-08-11
telegra.ph,Live Published Article,LIVE & INDEXED,https://reactcorpdisability.com.au/blog/#pillar-7,NDIS Community Participation,https://telegra.ph/Best-Practices-for-NDIS-Community-Participation-in-NSW-VIC-ACT-SA--TAS-3-08-11
telegra.ph,Live Published Article,LIVE & INDEXED,https://reactcorpdisability.com.au/blog/#pillar-7,NDIS Community Participation,https://telegra.ph/Understanding-NDIS-Community-Participation--Quality-Disability-Supports-4-08-11
telegra.ph,Live Published Article,LIVE & INDEXED,https://reactcorpdisability.com.au/blog/#pillar-6,NDIS Personal Care & High Intensity Nursing,https://telegra.ph/Official-Resource-NDIS-Personal-Care--High-Intensity-Nursing--ReactCorp-Disability-Services-5-08-11
telegra.ph,Live Published Article,LIVE & INDEXED,https://reactcorpdisability.com.au/blog/#pillar-4,NDIS Support Coordination Group 0132,https://telegra.ph/Understanding-NDIS-Support-Coordination-Group-0132--Quality-Disability-Supports-6-08-11
telegra.ph,Live Published Article,LIVE & INDEXED,https://reactcorpdisability.com.au/blog/#pillar-6,NDIS Personal Care & High Intensity Nursing,https://telegra.ph/Best-Practices-for-NDIS-Personal-Care--High-Intensity-Nursing-in-NSW-VIC-ACT-SA--TAS-7-08-11
telegra.ph,Live Published Article,LIVE & INDEXED,https://reactcorpdisability.com.au/blog/#pillar-7,NDIS Community Participation,https://telegra.ph/Best-Practices-for-NDIS-Community-Participation-in-NSW-VIC-ACT-SA--TAS-8-08-11
telegra.ph,Live Published Article,LIVE & INDEXED,https://reactcorpdisability.com.au/blog/#pillar-5,Supported Independent Living SIL Accommodation,https://telegra.ph/Understanding-Supported-Independent-Living-SIL-Accommodation--Quality-Disability-Supports-9-08-11
telegra.ph,Live Published Article,LIVE & INDEXED,https://reactcorpdisability.com.au/blog/#pillar-4,NDIS Support Coordination Group 0132,https://telegra.ph/NDIS-Support-Coordination-Group-0132--Participant-Care-Rights-in-Sydney--Australia-10-08-11
telegra.ph,Live Published Article,LIVE & INDEXED,https://reactcorpdisability.com.au/,ReactCorp Disability Services,https://telegra.ph/ReactCorp-Disability-Services--Participant-Care-Rights-in-Sydney--Australia-11-08-11
telegra.ph,Live Published Article,LIVE & INDEXED,https://reactcorpdisability.com.au/blog/#pillar-5,Supported Independent Living SIL Accommodation,https://telegra.ph/Guide-to-Supported-Independent-Living-SIL-Accommodation--ReactCorp-Disability-Services-2026-12-08-11
telegra.ph,Live Published Article,LIVE & INDEXED,https://reactcorpdisability.com.au/blog/#pillar-4,NDIS Support Coordination Group 0132,https://telegra.ph/Best-Practices-for-NDIS-Support-Coordination-Group-0132-in-NSW-VIC-ACT-SA--TAS-13-08-11
telegra.ph,Live Published Article,LIVE & INDEXED,https://reactcorpdisability.com.au/blog/#pillar-2,Registered NDIS Service Provider Australia,https://telegra.ph/Understanding-Registered-NDIS-Service-Provider-Australia--Quality-Disability-Supports-14-08-11
telegra.ph,Live Published Article,LIVE & INDEXED,https://reactcorpdisability.com.au/blog/#pillar-3,NDIS Provider Sydney NSW,https://telegra.ph/Best-Practices-for-NDIS-Provider-Sydney-NSW-in-NSW-VIC-ACT-SA--TAS-15-08-11
telegra.ph,Live Published Article,LIVE & INDEXED,https://reactcorpdisability.com.au/blog/#pillar-5,Supported Independent Living SIL Accommodation,https://telegra.ph/Supported-Independent-Living-SIL-Accommodation--Participant-Care-Rights-in-Sydney--Australia-16-08-11
telegra.ph,Live Published Article,LIVE & INDEXED,https://reactcorpdisability.com.au/blog/#pillar-3,NDIS Provider Sydney NSW,https://telegra.ph/Guide-to-NDIS-Provider-Sydney-NSW--ReactCorp-Disability-Services-2026-17-08-11
telegra.ph,Live Published Article,LIVE & INDEXED,https://reactcorpdisability.com.au/blog/#pillar-2,Registered NDIS Service Provider Australia,https://telegra.ph/Registered-NDIS-Service-Provider-Australia--Participant-Care-Rights-in-Sydney--Australia-18-08-11
telegra.ph,Live Published Article,LIVE & INDEXED,https://reactcorpdisability.com.au/blog/#pillar-9,NDIS Provider Registration Number 4050064716,https://telegra.ph/Best-Practices-for-NDIS-Provider-Registration-Number-4050064716-in-NSW-VIC-ACT-SA--TAS-19-08-11
telegra.ph,Live Published Article,LIVE & INDEXED,https://reactcorpdisability.com.au/blog/#pillar-7,NDIS Community Participation,https://telegra.ph/Guide-to-NDIS-Community-Participation--ReactCorp-Disability-Services-2026-20-08-11
telegra.ph,Live Published Article,LIVE & INDEXED,https://reactcorpdisability.com.au/blog/#pillar-8,24/7 Crisis Support NDIS Respite Care,https://telegra.ph/Guide-to-247-Crisis-Support-NDIS-Respite-Care--ReactCorp-Disability-Services-2026-21-08-11
telegra.ph,Live Published Article,LIVE & INDEXED,https://reactcorpdisability.com.au/blog/#pillar-9,NDIS Provider Registration Number 4050064716,https://telegra.ph/NDIS-Provider-Registration-Number-4050064716--Participant-Care-Rights-in-Sydney--Australia-22-08-11
telegra.ph,Live Published Article,LIVE & INDEXED,https://reactcorpdisability.com.au/blog/#pillar-8,24/7 Crisis Support NDIS Respite Care,https://telegra.ph/Official-Resource-247-Crisis-Support-NDIS-Respite-Care--ReactCorp-Disability-Services-23-08-11
telegra.ph,Live Published Article,LIVE & INDEXED,https://reactcorpdisability.com.au/blog/#pillar-9,NDIS Provider Registration Number 4050064716,https://telegra.ph/NDIS-Provider-Registration-Number-4050064716--Participant-Care-Rights-in-Sydney--Australia-24-08-11
telegra.ph,Live Published Article,LIVE & INDEXED,https://reactcorpdisability.com.au/blog/#pillar-7,NDIS Community Participation,https://telegra.ph/Best-Practices-for-NDIS-Community-Participation-in-NSW-VIC-ACT-SA--TAS-25-08-11
telegra.ph,Live Published Article,LIVE & INDEXED,https://reactcorpdisability.com.au/blog/#pillar-2,Registered NDIS Service Provider Australia,https://telegra.ph/Official-Resource-Registered-NDIS-Service-Provider-Australia--ReactCorp-Disability-Services-26-08-11
telegra.ph,Live Published Article,LIVE & INDEXED,https://reactcorpdisability.com.au/blog/#pillar-3,NDIS Provider Sydney NSW,https://telegra.ph/Understanding-NDIS-Provider-Sydney-NSW--Quality-Disability-Supports-27-08-11
telegra.ph,Live Published Article,LIVE & INDEXED,https://reactcorpdisability.com.au/blog/#pillar-6,NDIS Personal Care & High Intensity Nursing,https://telegra.ph/NDIS-Personal-Care--High-Intensity-Nursing--Participant-Care-Rights-in-Sydney--Australia-28-08-11
telegra.ph,Live Published Article,LIVE & INDEXED,https://reactcorpdisability.com.au/blog/#pillar-4,NDIS Support Coordination Group 0132,https://telegra.ph/Official-Resource-NDIS-Support-Coordination-Group-0132--ReactCorp-Disability-Services-29-08-11
telegra.ph,Live Published Article,LIVE & INDEXED,https://reactcorpdisability.com.au/blog/#pillar-5,Supported Independent Living SIL Accommodation,https://telegra.ph/Understanding-Supported-Independent-Living-SIL-Accommodation--Quality-Disability-Supports-30-08-11
telegra.ph,Live Published Article,LIVE & INDEXED,https://reactcorpdisability.com.au/blog/#pillar-2,Registered NDIS Service Provider Australia,https://telegra.ph/Guide-to-Registered-NDIS-Service-Provider-Australia--ReactCorp-Disability-Services-2026-31-08-11
telegra.ph,Live Published Article,LIVE & INDEXED,https://reactcorpdisability.com.au/blog/#pillar-2,Registered NDIS Service Provider Australia,https://telegra.ph/Official-Resource-Registered-NDIS-Service-Provider-Australia--ReactCorp-Disability-Services-32-08-11
telegra.ph,Live Published Article,LIVE & INDEXED,https://reactcorpdisability.com.au/blog/#pillar-7,NDIS Community Participation,https://telegra.ph/Guide-to-NDIS-Community-Participation--ReactCorp-Disability-Services-2026-33-08-11
telegra.ph,Live Published Article,LIVE & INDEXED,https://reactcorpdisability.com.au/blog/#pillar-5,Supported Independent Living SIL Accommodation,https://telegra.ph/Guide-to-Supported-Independent-Living-SIL-Accommodation--ReactCorp-Disability-Services-2026-34-08-11
telegra.ph,Live Published Article,LIVE & INDEXED,https://reactcorpdisability.com.au/blog/#pillar-4,NDIS Support Coordination Group 0132,https://telegra.ph/NDIS-Support-Coordination-Group-0132--Participant-Care-Rights-in-Sydney--Australia-35-08-11
telegra.ph,Live Published Article,LIVE & INDEXED,https://reactcorpdisability.com.au/blog/#pillar-7,NDIS Community Participation,https://telegra.ph/Best-Practices-for-NDIS-Community-Participation-in-NSW-VIC-ACT-SA--TAS-36-08-11
telegra.ph,Live Published Article,LIVE & INDEXED,https://zfrmz.com/sIh6uDqI2c9PaujmOoTR,Online NDIS Referral Form,https://telegra.ph/Best-Practices-for-Online-NDIS-Referral-Form-in-NSW-VIC-ACT-SA--TAS-37-08-11
telegra.ph,Live Published Article,LIVE & INDEXED,https://reactcorpdisability.com.au/blog/#pillar-7,NDIS Community Participation,https://telegra.ph/Best-Practices-for-NDIS-Community-Participation-in-NSW-VIC-ACT-SA--TAS-38-08-11
telegra.ph,Live Published Article,LIVE & INDEXED,https://reactcorpdisability.com.au/blog/#pillar-9,NDIS Provider Registration Number 4050064716,https://telegra.ph/Official-Resource-NDIS-Provider-Registration-Number-4050064716--ReactCorp-Disability-Services-39-08-11
telegra.ph,Live Published Article,LIVE & INDEXED,https://reactcorpdisability.com.au/blog/#pillar-4,NDIS Support Coordination Group 0132,https://telegra.ph/Understanding-NDIS-Support-Coordination-Group-0132--Quality-Disability-Supports-40-08-11
telegra.ph,Live Published Article,LIVE & INDEXED,https://reactcorpdisability.com.au/blog/#pillar-2,Registered NDIS Service Provider Australia,https://telegra.ph/Best-Practices-for-Registered-NDIS-Service-Provider-Australia-in-NSW-VIC-ACT-SA--TAS-41-08-11
telegra.ph,Live Published Article,LIVE & INDEXED,https://reactcorpdisability.com.au/blog/#pillar-4,NDIS Support Coordination Group 0132,https://telegra.ph/NDIS-Support-Coordination-Group-0132--Participant-Care-Rights-in-Sydney--Australia-42-08-11
telegra.ph,Live Published Article,LIVE & INDEXED,https://reactcorpdisability.com.au/blog/#pillar-5,Supported Independent Living SIL Accommodation,https://telegra.ph/Understanding-Supported-Independent-Living-SIL-Accommodation--Quality-Disability-Supports-43-08-11
telegra.ph,Live Published Article,LIVE & INDEXED,https://reactcorpdisability.com.au/,ReactCorp Disability Services,https://telegra.ph/Best-Practices-for-ReactCorp-Disability-Services-in-NSW-VIC-ACT-SA--TAS-44-08-11
telegra.ph,Live Published Article,LIVE & INDEXED,https://reactcorpdisability.com.au/blog/#pillar-4,NDIS Support Coordination Group 0132,https://telegra.ph/NDIS-Support-Coordination-Group-0132--Participant-Care-Rights-in-Sydney--Australia-45-08-11
telegra.ph,Live Published Article,LIVE & INDEXED,https://reactcorpdisability.com.au/blog/#pillar-4,NDIS Support Coordination Group 0132,https://telegra.ph/Understanding-NDIS-Support-Coordination-Group-0132--Quality-Disability-Supports-46-08-11
telegra.ph,Live Published Article,LIVE & INDEXED,https://reactcorpdisability.com.au/blog/#pillar-5,Supported Independent Living SIL Accommodation,https://telegra.ph/Official-Resource-Supported-Independent-Living-SIL-Accommodation--ReactCorp-Disability-Services-47-08-11
telegra.ph,Live Published Article,LIVE & INDEXED,https://reactcorpdisability.com.au/blog/#pillar-7,NDIS Community Participation,https://telegra.ph/Understanding-NDIS-Community-Participation--Quality-Disability-Supports-48-08-11
telegra.ph,Live Published Article,LIVE & INDEXED,https://reactcorpdisability.com.au/blog/#pillar-8,24/7 Crisis Support NDIS Respite Care,https://telegra.ph/Guide-to-247-Crisis-Support-NDIS-Respite-Care--ReactCorp-Disability-Services-2026-49-08-11
telegra.ph,Live Published Article,LIVE & INDEXED,https://zfrmz.com/sIh6uDqI2c9PaujmOoTR,Online NDIS Referral Form,https://telegra.ph/Online-NDIS-Referral-Form--Participant-Care-Rights-in-Sydney--Australia-50-08-11
telegra.ph,Live Published Article,LIVE & INDEXED,https://zfrmz.com/sIh6uDqI2c9PaujmOoTR,Online NDIS Referral Form,https://telegra.ph/Understanding-Online-NDIS-Referral-Form--Quality-Disability-Supports-8208-08-11
telegra.ph,Live Published Article,LIVE & INDEXED,https://reactcorpdisability.com.au/blog/#pillar-3,NDIS Provider Sydney NSW,https://telegra.ph/Understanding-NDIS-Provider-Sydney-NSW--Quality-Disability-Supports-3569-08-11
telegra.ph,Live Published Article,LIVE & INDEXED,https://reactcorpdisability.com.au/blog/#pillar-2,Registered NDIS Service Provider Australia,https://telegra.ph/Registered-NDIS-Service-Provider-Australia--Participant-Care-Rights-in-Sydney--Australia-1293-08-11
telegra.ph,Live Published Article,LIVE & INDEXED,https://reactcorpdisability.com.au/blog/#pillar-9,NDIS Provider Registration Number 4050064716,https://telegra.ph/Understanding-NDIS-Provider-Registration-Number-4050064716--Quality-Disability-Supports-3918-08-11
telegra.ph,Live Published Article,LIVE & INDEXED,https://zfrmz.com/sIh6uDqI2c9PaujmOoTR,Online NDIS Referral Form,https://telegra.ph/Online-NDIS-Referral-Form--Participant-Care-Rights-in-Sydney--Australia-5521-08-11
telegra.ph,Live Published Article,LIVE & INDEXED,https://reactcorpdisability.com.au/blog/#pillar-4,NDIS Support Coordination Group 0132,https://telegra.ph/Official-Resource-NDIS-Support-Coordination-Group-0132--ReactCorp-Disability-Services-7511-08-11
telegra.ph,Live Published Article,LIVE & INDEXED,https://reactcorpdisability.com.au/blog/#pillar-2,Registered NDIS Service Provider Australia,https://telegra.ph/Guide-to-Registered-NDIS-Service-Provider-Australia--ReactCorp-Disability-Services-2026-7685-08-11
telegra.ph,Live Published Article,LIVE & INDEXED,https://reactcorpdisability.com.au/blog/#pillar-4,NDIS Support Coordination Group 0132,https://telegra.ph/Guide-to-NDIS-Support-Coordination-Group-0132--ReactCorp-Disability-Services-2026-8410-08-11
telegra.ph,Live Published Article,LIVE & INDEXED,https://reactcorpdisability.com.au/blog/#pillar-5,Supported Independent Living SIL Accommodation,https://telegra.ph/Understanding-Supported-Independent-Living-SIL-Accommodation--Quality-Disability-Supports-5170-08-11
telegra.ph,Live Published Article,LIVE & INDEXED,https://reactcorpdisability.com.au/blog/#pillar-7,NDIS Community Participation,https://telegra.ph/NDIS-Community-Participation--Participant-Care-Rights-in-Sydney--Australia-577-08-11
telegra.ph,Live Published Article,LIVE & INDEXED,https://reactcorpdisability.com.au/blog/#pillar-3,NDIS Provider Sydney NSW,https://telegra.ph/Official-Resource-NDIS-Provider-Sydney-NSW--ReactCorp-Disability-Services-9990-08-11
telegra.ph,Live Published Article,LIVE & INDEXED,https://reactcorpdisability.com.au/blog/#pillar-7,NDIS Community Participation,https://telegra.ph/Understanding-NDIS-Community-Participation--Quality-Disability-Supports-6924-08-11
telegra.ph,Live Published Article,LIVE & INDEXED,https://reactcorpdisability.com.au/blog/#pillar-4,NDIS Support Coordination Group 0132,https://telegra.ph/Official-Resource-NDIS-Support-Coordination-Group-0132--ReactCorp-Disability-Services-5034-08-11
telegra.ph,Live Published Article,LIVE & INDEXED,https://reactcorpdisability.com.au/blog/#pillar-9,NDIS Provider Registration Number 4050064716,https://telegra.ph/Guide-to-NDIS-Provider-Registration-Number-4050064716--ReactCorp-Disability-Services-2026-6968-08-11
telegra.ph,Live Published Article,LIVE & INDEXED,https://reactcorpdisability.com.au/blog/#pillar-2,Registered NDIS Service Provider Australia,https://telegra.ph/Guide-to-Registered-NDIS-Service-Provider-Australia--ReactCorp-Disability-Services-2026-9357-08-11
telegra.ph,Live Published Article,LIVE & INDEXED,https://reactcorpdisability.com.au/,ReactCorp Disability Services,https://telegra.ph/Official-Resource-ReactCorp-Disability-Services--ReactCorp-Disability-Services-403-08-11
telegra.ph,Live Published Article,LIVE & INDEXED,https://reactcorpdisability.com.au/blog/#pillar-6,NDIS Personal Care & High Intensity Nursing,https://telegra.ph/Best-Practices-for-NDIS-Personal-Care--High-Intensity-Nursing-in-NSW-VIC-ACT-SA--TAS-1332-08-11
telegra.ph,Live Published Article,LIVE & INDEXED,https://reactcorpdisability.com.au/blog/#pillar-4,NDIS Support Coordination Group 0132,https://telegra.ph/Understanding-NDIS-Support-Coordination-Group-0132--Quality-Disability-Supports-3885-08-11
telegra.ph,Live Published Article,LIVE & INDEXED,https://reactcorpdisability.com.au/blog/#pillar-2,Registered NDIS Service Provider Australia,https://telegra.ph/Guide-to-Registered-NDIS-Service-Provider-Australia--ReactCorp-Disability-Services-2026-1475-08-11
telegra.ph,Live Published Article,LIVE & INDEXED,https://reactcorpdisability.com.au/blog/#pillar-9,NDIS Provider Registration Number 4050064716,https://telegra.ph/Guide-to-NDIS-Provider-Registration-Number-4050064716--ReactCorp-Disability-Services-2026-9714-08-11
telegra.ph,Live Published Article,LIVE & INDEXED,https://reactcorpdisability.com.au/blog/#pillar-9,NDIS Provider Registration Number 4050064716,https://telegra.ph/Official-Resource-NDIS-Provider-Registration-Number-4050064716--ReactCorp-Disability-Services-198-08-11
telegra.ph,Live Published Article,LIVE & INDEXED,https://reactcorpdisability.com.au/blog/#pillar-2,Registered NDIS Service Provider Australia,https://telegra.ph/Guide-to-Registered-NDIS-Service-Provider-Australia--ReactCorp-Disability-Services-2026-1544-08-11
telegra.ph,Live Published Article,LIVE & INDEXED,https://reactcorpdisability.com.au/blog/#pillar-7,NDIS Community Participation,https://telegra.ph/Official-Resource-NDIS-Community-Participation--ReactCorp-Disability-Services-4240-08-11
telegra.ph,Live Published Article,LIVE & INDEXED,https://reactcorpdisability.com.au/blog/#pillar-5,Supported Independent Living SIL Accommodation,https://telegra.ph/Guide-to-Supported-Independent-Living-SIL-Accommodation--ReactCorp-Disability-Services-2026-1102-08-11
telegra.ph,Live Published Article,LIVE & INDEXED,https://reactcorpdisability.com.au/blog/#pillar-6,NDIS Personal Care & High Intensity Nursing,https://telegra.ph/NDIS-Personal-Care--High-Intensity-Nursing--Participant-Care-Rights-in-Sydney--Australia-2029-08-11
telegra.ph,Live Published Article,LIVE & INDEXED,https://reactcorpdisability.com.au/blog/#pillar-8,24/7 Crisis Support NDIS Respite Care,https://telegra.ph/Best-Practices-for-247-Crisis-Support-NDIS-Respite-Care-in-NSW-VIC-ACT-SA--TAS-5564-08-11
telegra.ph,Live Published Article,LIVE & INDEXED,https://reactcorpdisability.com.au/blog/#pillar-7,NDIS Community Participation,https://telegra.ph/Best-Practices-for-NDIS-Community-Participation-in-NSW-VIC-ACT-SA--TAS-7356-08-11
telegra.ph,Live Published Article,LIVE & INDEXED,https://reactcorpdisability.com.au/blog/#pillar-2,Registered NDIS Service Provider Australia,https://telegra.ph/Understanding-Registered-NDIS-Service-Provider-Australia--Quality-Disability-Supports-2904-08-11
telegra.ph,Live Published Article,LIVE & INDEXED,https://reactcorpdisability.com.au/,ReactCorp Disability Services,https://telegra.ph/ReactCorp-Disability-Services--Participant-Care-Rights-in-Sydney--Australia-4428-08-11
telegra.ph,Live Published Article,LIVE & INDEXED,https://zfrmz.com/sIh6uDqI2c9PaujmOoTR,Online NDIS Referral Form,https://telegra.ph/Understanding-Online-NDIS-Referral-Form--Quality-Disability-Supports-4935-08-11
telegra.ph,Live Published Article,LIVE & INDEXED,https://zfrmz.com/sIh6uDqI2c9PaujmOoTR,Online NDIS Referral Form,https://telegra.ph/Guide-to-Online-NDIS-Referral-Form--ReactCorp-Disability-Services-2026-753-08-11
telegra.ph,Live Published Article,LIVE & INDEXED,https://reactcorpdisability.com.au/blog/#pillar-3,NDIS Provider Sydney NSW,https://telegra.ph/NDIS-Provider-Sydney-NSW--Participant-Care-Rights-in-Sydney--Australia-7698-08-11
telegra.ph,Live Published Article,LIVE & INDEXED,https://reactcorpdisability.com.au/blog/#pillar-7,NDIS Community Participation,https://telegra.ph/Official-Resource-NDIS-Community-Participation--ReactCorp-Disability-Services-8917-08-11
telegra.ph,Live Published Article,LIVE & INDEXED,https://reactcorpdisability.com.au/blog/#pillar-6,NDIS Personal Care & High Intensity Nursing,https://telegra.ph/Best-Practices-for-NDIS-Personal-Care--High-Intensity-Nursing-in-NSW-VIC-ACT-SA--TAS-3323-08-11
telegra.ph,Live Published Article,LIVE & INDEXED,https://reactcorpdisability.com.au/blog/#pillar-9,NDIS Provider Registration Number 4050064716,https://telegra.ph/Understanding-NDIS-Provider-Registration-Number-4050064716--Quality-Disability-Supports-3466-08-11
telegra.ph,Live Published Article,LIVE & INDEXED,https://reactcorpdisability.com.au/blog/#pillar-8,24/7 Crisis Support NDIS Respite Care,https://telegra.ph/Official-Resource-247-Crisis-Support-NDIS-Respite-Care--ReactCorp-Disability-Services-7396-08-11
telegra.ph,Live Published Article,LIVE & INDEXED,https://reactcorpdisability.com.au/blog/#pillar-7,NDIS Community Participation,https://telegra.ph/Official-Resource-NDIS-Community-Participation--ReactCorp-Disability-Services-7773-08-11
telegra.ph,Live Published Article,LIVE & INDEXED,https://reactcorpdisability.com.au/blog/#pillar-4,NDIS Support Coordination Group 0132,https://telegra.ph/Best-Practices-for-NDIS-Support-Coordination-Group-0132-in-NSW-VIC-ACT-SA--TAS-6538-08-11
telegra.ph,Live Published Article,LIVE & INDEXED,https://reactcorpdisability.com.au/blog/#pillar-5,Supported Independent Living SIL Accommodation,https://telegra.ph/Supported-Independent-Living-SIL-Accommodation--Participant-Care-Rights-in-Sydney--Australia-5561-08-11
telegra.ph,Live Published Article,LIVE & INDEXED,https://reactcorpdisability.com.au/blog/#pillar-4,NDIS Support Coordination Group 0132,https://telegra.ph/Official-Resource-NDIS-Support-Coordination-Group-0132--ReactCorp-Disability-Services-350-08-11
telegra.ph,Live Published Article,LIVE & INDEXED,https://reactcorpdisability.com.au/blog/#pillar-7,NDIS Community Participation,https://telegra.ph/Best-Practices-for-NDIS-Community-Participation-in-NSW-VIC-ACT-SA--TAS-8244-08-11
telegra.ph,Live Published Article,LIVE & INDEXED,https://reactcorpdisability.com.au/,ReactCorp Disability Services,https://telegra.ph/Guide-to-ReactCorp-Disability-Services--ReactCorp-Disability-Services-2026-5457-08-11
telegra.ph,Live Published Article,LIVE & INDEXED,https://zfrmz.com/sIh6uDqI2c9PaujmOoTR,Online NDIS Referral Form,https://telegra.ph/Guide-to-Online-NDIS-Referral-Form--ReactCorp-Disability-Services-2026-3289-08-11
telegra.ph,Live Published Article,LIVE & INDEXED,https://zfrmz.com/sIh6uDqI2c9PaujmOoTR,Online NDIS Referral Form,https://telegra.ph/Guide-to-Online-NDIS-Referral-Form--ReactCorp-Disability-Services-2026-1002-08-11
telegra.ph,Live Published Article,LIVE & INDEXED,https://reactcorpdisability.com.au/blog/#pillar-4,NDIS Support Coordination Group 0132,https://telegra.ph/Understanding-NDIS-Support-Coordination-Group-0132--Quality-Disability-Supports-158-08-11
telegra.ph,Live Published Article,LIVE & INDEXED,https://reactcorpdisability.com.au/blog/#pillar-2,Registered NDIS Service Provider Australia,https://telegra.ph/Guide-to-Registered-NDIS-Service-Provider-Australia--ReactCorp-Disability-Services-2026-3145-08-11
telegra.ph,Live Published Article,LIVE & INDEXED,https://reactcorpdisability.com.au/blog/#pillar-2,Registered NDIS Service Provider Australia,https://telegra.ph/Understanding-Registered-NDIS-Service-Provider-Australia--Quality-Disability-Supports-7999-08-11
telegra.ph,Live Published Article,LIVE & INDEXED,https://reactcorpdisability.com.au/blog/#pillar-6,NDIS Personal Care & High Intensity Nursing,https://telegra.ph/Understanding-NDIS-Personal-Care--High-Intensity-Nursing--Quality-Disability-Supports-6274-08-11
telegra.ph,Live Published Article,LIVE & INDEXED,https://reactcorpdisability.com.au/blog/#pillar-2,Registered NDIS Service Provider Australia,https://telegra.ph/Guide-to-Registered-NDIS-Service-Provider-Australia--ReactCorp-Disability-Services-2026-8756-08-11
telegra.ph,Live Published Article,LIVE & INDEXED,https://reactcorpdisability.com.au/blog/#pillar-4,NDIS Support Coordination Group 0132,https://telegra.ph/Official-Resource-NDIS-Support-Coordination-Group-0132--ReactCorp-Disability-Services-9901-08-11
telegra.ph,Live Published Article,LIVE & INDEXED,https://reactcorpdisability.com.au/blog/#pillar-5,Supported Independent Living SIL Accommodation,https://telegra.ph/Guide-to-Supported-Independent-Living-SIL-Accommodation--ReactCorp-Disability-Services-2026-2829-08-11
telegra.ph,Live Published Article,LIVE & INDEXED,https://reactcorpdisability.com.au/blog/#pillar-7,NDIS Community Participation,https://telegra.ph/Understanding-NDIS-Community-Participation--Quality-Disability-Supports-9127-08-11
telegra.ph,Live Published Article,LIVE & INDEXED,https://reactcorpdisability.com.au/blog/#pillar-3,NDIS Provider Sydney NSW,https://telegra.ph/Guide-to-NDIS-Provider-Sydney-NSW--ReactCorp-Disability-Services-2026-3250-08-11
telegra.ph,Live Published Article,LIVE & INDEXED,https://reactcorpdisability.com.au/blog/#pillar-6,NDIS Personal Care & High Intensity Nursing,https://telegra.ph/Best-Practices-for-NDIS-Personal-Care--High-Intensity-Nursing-in-NSW-VIC-ACT-SA--TAS-4338-08-11
telegra.ph,Live Published Article,LIVE & INDEXED,https://reactcorpdisability.com.au/blog/#pillar-2,Registered NDIS Service Provider Australia,https://telegra.ph/Official-Resource-Registered-NDIS-Service-Provider-Australia--ReactCorp-Disability-Services-8904-08-11
telegra.ph,Live Published Article,LIVE & INDEXED,https://reactcorpdisability.com.au/blog/#pillar-9,NDIS Provider Registration Number 4050064716,https://telegra.ph/Guide-to-NDIS-Provider-Registration-Number-4050064716--ReactCorp-Disability-Services-2026-1761-08-11
telegra.ph,Live Published Article,LIVE & INDEXED,https://reactcorpdisability.com.au/blog/#pillar-7,NDIS Community Participation,https://telegra.ph/NDIS-Community-Participation--Participant-Care-Rights-in-Sydney--Australia-9401-08-11
telegra.ph,Live Published Article,LIVE & INDEXED,https://reactcorpdisability.com.au/blog/#pillar-3,NDIS Provider Sydney NSW,https://telegra.ph/Best-Practices-for-NDIS-Provider-Sydney-NSW-in-NSW-VIC-ACT-SA--TAS-2710-08-11
telegra.ph,Live Published Article,LIVE & INDEXED,https://reactcorpdisability.com.au/blog/#pillar-6,NDIS Personal Care & High Intensity Nursing,https://telegra.ph/NDIS-Personal-Care--High-Intensity-Nursing--Participant-Care-Rights-in-Sydney--Australia-5213-08-11
telegra.ph,Live Published Article,LIVE & INDEXED,https://reactcorpdisability.com.au/blog/#pillar-2,Registered NDIS Service Provider Australia,https://telegra.ph/Registered-NDIS-Service-Provider-Australia--Participant-Care-Rights-in-Sydney--Australia-5841-08-11
telegra.ph,Live Published Article,LIVE & INDEXED,https://reactcorpdisability.com.au/blog/#pillar-8,24/7 Crisis Support NDIS Respite Care,https://telegra.ph/Understanding-247-Crisis-Support-NDIS-Respite-Care--Quality-Disability-Supports-5353-08-11
telegra.ph,Live Published Article,LIVE & INDEXED,https://reactcorpdisability.com.au/blog/#pillar-9,NDIS Provider Registration Number 4050064716,https://telegra.ph/NDIS-Provider-Registration-Number-4050064716--Participant-Care-Rights-in-Sydney--Australia-4380-08-11
telegra.ph,Live Published Article,LIVE & INDEXED,https://reactcorpdisability.com.au/blog/#pillar-2,Registered NDIS Service Provider Australia,https://telegra.ph/Understanding-Registered-NDIS-Service-Provider-Australia--Quality-Disability-Supports-4481-08-11
telegra.ph,Live Published Article,LIVE & INDEXED,https://zfrmz.com/sIh6uDqI2c9PaujmOoTR,Online NDIS Referral Form,https://telegra.ph/Online-NDIS-Referral-Form--Participant-Care-Rights-in-Sydney--Australia-8649-08-11
telegra.ph,Live Published Article,LIVE & INDEXED,https://reactcorpdisability.com.au/blog/#pillar-8,24/7 Crisis Support NDIS Respite Care,https://telegra.ph/Best-Practices-for-247-Crisis-Support-NDIS-Respite-Care-in-NSW-VIC-ACT-SA--TAS-9970-08-11
telegra.ph,Live Published Article,LIVE & INDEXED,https://reactcorpdisability.com.au/,ReactCorp Disability Services,https://telegra.ph/Understanding-ReactCorp-Disability-Services--Quality-Disability-Supports-1490-08-11
telegra.ph,Live Published Article,LIVE & INDEXED,https://reactcorpdisability.com.au/,ReactCorp Disability Services,https://telegra.ph/Understanding-ReactCorp-Disability-Services--Quality-Disability-Supports-9351-08-11
telegra.ph,Live Published Article,LIVE & INDEXED,https://reactcorpdisability.com.au/blog/#pillar-2,Registered NDIS Service Provider Australia,https://telegra.ph/Understanding-Registered-NDIS-Service-Provider-Australia--Quality-Disability-Supports-4578-08-11
telegra.ph,Live Published Article,LIVE & INDEXED,https://reactcorpdisability.com.au/blog/#pillar-7,NDIS Community Participation,https://telegra.ph/Understanding-NDIS-Community-Participation--Quality-Disability-Supports-6799-08-11
telegra.ph,Live Published Article,LIVE & INDEXED,https://reactcorpdisability.com.au/,ReactCorp Disability Services,https://telegra.ph/Guide-to-ReactCorp-Disability-Services--ReactCorp-Disability-Services-2026-7726-08-11
telegra.ph,Live Published Article,LIVE & INDEXED,https://reactcorpdisability.com.au/blog/#pillar-4,NDIS Support Coordination Group 0132,https://telegra.ph/Official-Resource-NDIS-Support-Coordination-Group-0132--ReactCorp-Disability-Services-2848-08-11
telegra.ph,Live Published Article,LIVE & INDEXED,https://reactcorpdisability.com.au/blog/#pillar-7,NDIS Community Participation,https://telegra.ph/NDIS-Community-Participation--Participant-Care-Rights-in-Sydney--Australia-2943-08-11
telegra.ph,Live Published Article,LIVE & INDEXED,https://reactcorpdisability.com.au/blog/#pillar-6,NDIS Personal Care & High Intensity Nursing,https://telegra.ph/NDIS-Personal-Care--High-Intensity-Nursing--Participant-Care-Rights-in-Sydney--Australia-1998-08-11
telegra.ph,Live Published Article,LIVE & INDEXED,https://reactcorpdisability.com.au/blog/#pillar-6,NDIS Personal Care & High Intensity Nursing,https://telegra.ph/Best-Practices-for-NDIS-Personal-Care--High-Intensity-Nursing-in-NSW-VIC-ACT-SA--TAS-3560-08-11
telegra.ph,Live Published Article,LIVE & INDEXED,https://reactcorpdisability.com.au/blog/#pillar-9,NDIS Provider Registration Number 4050064716,https://telegra.ph/NDIS-Provider-Registration-Number-4050064716--Participant-Care-Rights-in-Sydney--Australia-5681-08-11
telegra.ph,Live Published Article,LIVE & INDEXED,https://reactcorpdisability.com.au/blog/#pillar-5,Supported Independent Living SIL Accommodation,https://telegra.ph/Understanding-Supported-Independent-Living-SIL-Accommodation--Quality-Disability-Supports-2796-08-11
telegra.ph,Live Published Article,LIVE & INDEXED,https://reactcorpdisability.com.au/blog/#pillar-3,NDIS Provider Sydney NSW,https://telegra.ph/Official-Resource-NDIS-Provider-Sydney-NSW--ReactCorp-Disability-Services-8937-08-11
telegra.ph,Live Published Article,LIVE & INDEXED,https://reactcorpdisability.com.au/blog/#pillar-6,NDIS Personal Care & High Intensity Nursing,https://telegra.ph/Best-Practices-for-NDIS-Personal-Care--High-Intensity-Nursing-in-NSW-VIC-ACT-SA--TAS-3563-08-11
telegra.ph,Live Published Article,LIVE & INDEXED,https://reactcorpdisability.com.au/blog/#pillar-6,NDIS Personal Care & High Intensity Nursing,https://telegra.ph/Guide-to-NDIS-Personal-Care--High-Intensity-Nursing--ReactCorp-Disability-Services-2026-3922-08-11
telegra.ph,Live Published Article,LIVE & INDEXED,https://reactcorpdisability.com.au/blog/#pillar-4,NDIS Support Coordination Group 0132,https://telegra.ph/Understanding-NDIS-Support-Coordination-Group-0132--Quality-Disability-Supports-5759-08-11
telegra.ph,Live Published Article,LIVE & INDEXED,https://reactcorpdisability.com.au/blog/#pillar-7,NDIS Community Participation,https://telegra.ph/Best-Practices-for-NDIS-Community-Participation-in-NSW-VIC-ACT-SA--TAS-7653-08-11
telegra.ph,Live Published Article,LIVE & INDEXED,https://reactcorpdisability.com.au/blog/#pillar-6,NDIS Personal Care & High Intensity Nursing,https://telegra.ph/Official-Resource-NDIS-Personal-Care--High-Intensity-Nursing--ReactCorp-Disability-Services-1175-08-11
telegra.ph,Live Published Article,LIVE & INDEXED,https://reactcorpdisability.com.au/blog/#pillar-3,NDIS Provider Sydney NSW,https://telegra.ph/NDIS-Provider-Sydney-NSW--Participant-Care-Rights-in-Sydney--Australia-6841-08-11
telegra.ph,Live Published Article,LIVE & INDEXED,https://reactcorpdisability.com.au/blog/#pillar-6,NDIS Personal Care & High Intensity Nursing,https://telegra.ph/Best-Practices-for-NDIS-Personal-Care--High-Intensity-Nursing-in-NSW-VIC-ACT-SA--TAS-4653-08-11
telegra.ph,Live Published Article,LIVE & INDEXED,https://reactcorpdisability.com.au/blog/#pillar-3,NDIS Provider Sydney NSW,https://telegra.ph/Official-Resource-NDIS-Provider-Sydney-NSW--ReactCorp-Disability-Services-4048-08-11
telegra.ph,Live Published Article,LIVE & INDEXED,https://reactcorpdisability.com.au/blog/#pillar-9,NDIS Provider Registration Number 4050064716,https://telegra.ph/Best-Practices-for-NDIS-Provider-Registration-Number-4050064716-in-NSW-VIC-ACT-SA--TAS-4176-08-11
telegra.ph,Live Published Article,LIVE & INDEXED,https://reactcorpdisability.com.au/blog/#pillar-4,NDIS Support Coordination Group 0132,https://telegra.ph/Understanding-NDIS-Support-Coordination-Group-0132--Quality-Disability-Supports-4790-08-11
telegra.ph,Live Published Article,LIVE & INDEXED,https://reactcorpdisability.com.au/blog/#pillar-8,24/7 Crisis Support NDIS Respite Care,https://telegra.ph/Best-Practices-for-247-Crisis-Support-NDIS-Respite-Care-in-NSW-VIC-ACT-SA--TAS-6574-08-11
telegra.ph,Live Published Article,LIVE & INDEXED,https://reactcorpdisability.com.au/blog/#pillar-2,Registered NDIS Service Provider Australia,https://telegra.ph/Understanding-Registered-NDIS-Service-Provider-Australia--Quality-Disability-Supports-1737-08-11
telegra.ph,Live Published Article,LIVE & INDEXED,https://reactcorpdisability.com.au/blog/#pillar-4,NDIS Support Coordination Group 0132,https://telegra.ph/Understanding-NDIS-Support-Coordination-Group-0132--Quality-Disability-Supports-1073-08-11
telegra.ph,Live Published Article,LIVE & INDEXED,https://zfrmz.com/sIh6uDqI2c9PaujmOoTR,Online NDIS Referral Form,https://telegra.ph/Best-Practices-for-Online-NDIS-Referral-Form-in-NSW-VIC-ACT-SA--TAS-8387-08-11
telegra.ph,Live Published Article,LIVE & INDEXED,https://reactcorpdisability.com.au/blog/#pillar-6,NDIS Personal Care & High Intensity Nursing,https://telegra.ph/Official-Resource-NDIS-Personal-Care--High-Intensity-Nursing--ReactCorp-Disability-Services-8920-08-11
telegra.ph,Live Published Article,LIVE & INDEXED,https://reactcorpdisability.com.au/blog/#pillar-2,Registered NDIS Service Provider Australia,https://telegra.ph/Understanding-Registered-NDIS-Service-Provider-Australia--Quality-Disability-Supports-405-08-11
telegra.ph,Live Published Article,LIVE & INDEXED,https://reactcorpdisability.com.au/,ReactCorp Disability Services,https://telegra.ph/ReactCorp-Disability-Services--Participant-Care-Rights-in-Sydney--Australia-4090-08-11
telegra.ph,Live Published Article,LIVE & INDEXED,https://reactcorpdisability.com.au/blog/#pillar-7,NDIS Community Participation,https://telegra.ph/Best-Practices-for-NDIS-Community-Participation-in-NSW-VIC-ACT-SA--TAS-7584-08-11
telegra.ph,Live Published Article,LIVE & INDEXED,https://reactcorpdisability.com.au/blog/#pillar-4,NDIS Support Coordination Group 0132,https://telegra.ph/Understanding-NDIS-Support-Coordination-Group-0132--Quality-Disability-Supports-3952-08-11
telegra.ph,Live Published Article,LIVE & INDEXED,https://reactcorpdisability.com.au/blog/#pillar-8,24/7 Crisis Support NDIS Respite Care,https://telegra.ph/247-Crisis-Support-NDIS-Respite-Care--Participant-Care-Rights-in-Sydney--Australia-6804-08-11
telegra.ph,Live Published Article,LIVE & INDEXED,https://reactcorpdisability.com.au/,ReactCorp Disability Services,https://telegra.ph/Understanding-ReactCorp-Disability-Services--Quality-Disability-Supports-247-08-11
telegra.ph,Live Published Article,LIVE & INDEXED,https://reactcorpdisability.com.au/,ReactCorp Disability Services,https://telegra.ph/Guide-to-ReactCorp-Disability-Services--ReactCorp-Disability-Services-2026-6585-08-11
telegra.ph,Live Published Article,LIVE & INDEXED,https://reactcorpdisability.com.au/blog/#pillar-3,NDIS Provider Sydney NSW,https://telegra.ph/NDIS-Provider-Sydney-NSW--Participant-Care-Rights-in-Sydney--Australia-5431-08-11
telegra.ph,Live Published Article,LIVE & INDEXED,https://reactcorpdisability.com.au/blog/#pillar-7,NDIS Community Participation,https://telegra.ph/NDIS-Community-Participation--Participant-Care-Rights-in-Sydney--Australia-6062-08-11
telegra.ph,Live Published Article,LIVE & INDEXED,https://reactcorpdisability.com.au/blog/#pillar-3,NDIS Provider Sydney NSW,https://telegra.ph/NDIS-Provider-Sydney-NSW--Participant-Care-Rights-in-Sydney--Australia-2593-08-11
telegra.ph,Live Published Article,LIVE & INDEXED,https://reactcorpdisability.com.au/blog/#pillar-5,Supported Independent Living SIL Accommodation,https://telegra.ph/Understanding-Supported-Independent-Living-SIL-Accommodation--Quality-Disability-Supports-9009-08-11
telegra.ph,Live Published Article,LIVE & INDEXED,https://reactcorpdisability.com.au/blog/#pillar-5,Supported Independent Living SIL Accommodation,https://telegra.ph/Best-Practices-for-Supported-Independent-Living-SIL-Accommodation-in-NSW-VIC-ACT-SA--TAS-4103-08-11
telegra.ph,Live Published Article,LIVE & INDEXED,https://reactcorpdisability.com.au/blog/#pillar-5,Supported Independent Living SIL Accommodation,https://telegra.ph/Best-Practices-for-Supported-Independent-Living-SIL-Accommodation-in-NSW-VIC-ACT-SA--TAS-3036-08-11
telegra.ph,Live Published Article,LIVE & INDEXED,https://reactcorpdisability.com.au/blog/#pillar-8,24/7 Crisis Support NDIS Respite Care,https://telegra.ph/Understanding-247-Crisis-Support-NDIS-Respite-Care--Quality-Disability-Supports-9670-08-11
telegra.ph,Live Published Article,LIVE & INDEXED,https://zfrmz.com/sIh6uDqI2c9PaujmOoTR,Online NDIS Referral Form,https://telegra.ph/Guide-to-Online-NDIS-Referral-Form--ReactCorp-Disability-Services-2026-1669-08-11
telegra.ph,Live Published Article,LIVE & INDEXED,https://reactcorpdisability.com.au/blog/#pillar-9,NDIS Provider Registration Number 4050064716,https://telegra.ph/Official-Resource-NDIS-Provider-Registration-Number-4050064716--ReactCorp-Disability-Services-717-08-11
telegra.ph,Live Published Article,LIVE & INDEXED,https://reactcorpdisability.com.au/blog/#pillar-8,24/7 Crisis Support NDIS Respite Care,https://telegra.ph/Best-Practices-for-247-Crisis-Support-NDIS-Respite-Care-in-NSW-VIC-ACT-SA--TAS-1600-08-11
telegra.ph,Live Published Article,LIVE & INDEXED,https://reactcorpdisability.com.au/,ReactCorp Disability Services,https://telegra.ph/ReactCorp-Disability-Services--Participant-Care-Rights-in-Sydney--Australia-9566-08-11
telegra.ph,Live Published Article,LIVE & INDEXED,https://zfrmz.com/sIh6uDqI2c9PaujmOoTR,Online NDIS Referral Form,https://telegra.ph/Online-NDIS-Referral-Form--Participant-Care-Rights-in-Sydney--Australia-9029-08-11
telegra.ph,Live Published Article,LIVE & INDEXED,https://reactcorpdisability.com.au/blog/#pillar-8,24/7 Crisis Support NDIS Respite Care,https://telegra.ph/Best-Practices-for-247-Crisis-Support-NDIS-Respite-Care-in-NSW-VIC-ACT-SA--TAS-4150-08-11
telegra.ph,Live Published Article,LIVE & INDEXED,https://reactcorpdisability.com.au/,ReactCorp Disability Services,https://telegra.ph/ReactCorp-Disability-Services--Participant-Care-Rights-in-Sydney--Australia-8156-08-11
telegra.ph,Live Published Article,LIVE & INDEXED,https://reactcorpdisability.com.au/blog/#pillar-6,NDIS Personal Care & High Intensity Nursing,https://telegra.ph/Guide-to-NDIS-Personal-Care--High-Intensity-Nursing--ReactCorp-Disability-Services-2026-9098-08-11
telegra.ph,Live Published Article,LIVE & INDEXED,https://reactcorpdisability.com.au/blog/#pillar-7,NDIS Community Participation,https://telegra.ph/Understanding-NDIS-Community-Participation--Quality-Disability-Supports-8151-08-11
telegra.ph,Live Published Article,LIVE & INDEXED,https://reactcorpdisability.com.au/blog/#pillar-4,NDIS Support Coordination Group 0132,https://telegra.ph/NDIS-Support-Coordination-Group-0132--Participant-Care-Rights-in-Sydney--Australia-7989-08-11
telegra.ph,Live Published Article,LIVE & INDEXED,https://reactcorpdisability.com.au/blog/#pillar-8,24/7 Crisis Support NDIS Respite Care,https://telegra.ph/247-Crisis-Support-NDIS-Respite-Care--Participant-Care-Rights-in-Sydney--Australia-8460-08-11
telegra.ph,Live Published Article,LIVE & INDEXED,https://reactcorpdisability.com.au/blog/#pillar-9,NDIS Provider Registration Number 4050064716,https://telegra.ph/Official-Resource-NDIS-Provider-Registration-Number-4050064716--ReactCorp-Disability-Services-4661-08-11
telegra.ph,Live Published Article,LIVE & INDEXED,https://reactcorpdisability.com.au/blog/#pillar-2,Registered NDIS Service Provider Australia,https://telegra.ph/Official-Resource-Registered-NDIS-Service-Provider-Australia--ReactCorp-Disability-Services-8805-08-11
telegra.ph,Live Published Article,LIVE & INDEXED,https://reactcorpdisability.com.au/blog/#pillar-3,NDIS Provider Sydney NSW,https://telegra.ph/Official-Resource-NDIS-Provider-Sydney-NSW--ReactCorp-Disability-Services-1624-08-11
telegra.ph,Live Published Article,LIVE & INDEXED,https://reactcorpdisability.com.au/blog/#pillar-6,NDIS Personal Care & High Intensity Nursing,https://telegra.ph/Guide-to-NDIS-Personal-Care--High-Intensity-Nursing--ReactCorp-Disability-Services-2026-8552-08-11
telegra.ph,Live Published Article,LIVE & INDEXED,https://reactcorpdisability.com.au/blog/#pillar-8,24/7 Crisis Support NDIS Respite Care,https://telegra.ph/247-Crisis-Support-NDIS-Respite-Care--Participant-Care-Rights-in-Sydney--Australia-9412-08-11
telegra.ph,Live Published Article,LIVE & INDEXED,https://reactcorpdisability.com.au/,ReactCorp Disability Services,https://telegra.ph/Understanding-ReactCorp-Disability-Services--Quality-Disability-Supports-9330-08-11
telegra.ph,Live Published Article,LIVE & INDEXED,https://reactcorpdisability.com.au/,ReactCorp Disability Services,https://telegra.ph/ReactCorp-Disability-Services--Participant-Care-Rights-in-Sydney--Australia-2118-08-11
telegra.ph,Live Published Article,LIVE & INDEXED,https://reactcorpdisability.com.au/,ReactCorp Disability Services,https://telegra.ph/Official-Resource-ReactCorp-Disability-Services--ReactCorp-Disability-Services-4306-08-11
telegra.ph,Live Published Article,LIVE & INDEXED,https://reactcorpdisability.com.au/blog/#pillar-9,NDIS Provider Registration Number 4050064716,https://telegra.ph/Official-Resource-NDIS-Provider-Registration-Number-4050064716--ReactCorp-Disability-Services-9534-08-11
telegra.ph,Live Published Article,LIVE & INDEXED,https://reactcorpdisability.com.au/blog/#pillar-9,NDIS Provider Registration Number 4050064716,https://telegra.ph/Best-Practices-for-NDIS-Provider-Registration-Number-4050064716-in-NSW-VIC-ACT-SA--TAS-6572-08-11
telegra.ph,Live Published Article,LIVE & INDEXED,https://reactcorpdisability.com.au/blog/#pillar-4,NDIS Support Coordination Group 0132,https://telegra.ph/Guide-to-NDIS-Support-Coordination-Group-0132--ReactCorp-Disability-Services-2026-9828-08-11
telegra.ph,Live Published Article,LIVE & INDEXED,https://reactcorpdisability.com.au/blog/#pillar-7,NDIS Community Participation,https://telegra.ph/Guide-to-NDIS-Community-Participation--ReactCorp-Disability-Services-2026-2620-08-11
telegra.ph,Live Published Article,LIVE & INDEXED,https://reactcorpdisability.com.au/blog/#pillar-9,NDIS Provider Registration Number 4050064716,https://telegra.ph/Best-Practices-for-NDIS-Provider-Registration-Number-4050064716-in-NSW-VIC-ACT-SA--TAS-9598-08-11
telegra.ph,Live Published Article,LIVE & INDEXED,https://reactcorpdisability.com.au/blog/#pillar-8,24/7 Crisis Support NDIS Respite Care,https://telegra.ph/Official-Resource-247-Crisis-Support-NDIS-Respite-Care--ReactCorp-Disability-Services-3188-08-11
telegra.ph,Live Published Article,LIVE & INDEXED,https://reactcorpdisability.com.au/,ReactCorp Disability Services,https://telegra.ph/Understanding-ReactCorp-Disability-Services--Quality-Disability-Supports-1669-08-11
telegra.ph,Live Published Article,LIVE & INDEXED,https://reactcorpdisability.com.au/blog/#pillar-3,NDIS Provider Sydney NSW,https://telegra.ph/Guide-to-NDIS-Provider-Sydney-NSW--ReactCorp-Disability-Services-2026-3779-08-11
telegra.ph,Live Published Article,LIVE & INDEXED,https://reactcorpdisability.com.au/blog/#pillar-9,NDIS Provider Registration Number 4050064716,https://telegra.ph/Understanding-NDIS-Provider-Registration-Number-4050064716--Quality-Disability-Supports-6771-08-11
telegra.ph,Live Published Article,LIVE & INDEXED,https://reactcorpdisability.com.au/blog/#pillar-5,Supported Independent Living SIL Accommodation,https://telegra.ph/Understanding-Supported-Independent-Living-SIL-Accommodation--Quality-Disability-Supports-6354-08-11
telegra.ph,Live Published Article,LIVE & INDEXED,https://reactcorpdisability.com.au/blog/#pillar-8,24/7 Crisis Support NDIS Respite Care,https://telegra.ph/247-Crisis-Support-NDIS-Respite-Care--Participant-Care-Rights-in-Sydney--Australia-5842-08-11
telegra.ph,Live Published Article,LIVE & INDEXED,https://reactcorpdisability.com.au/blog/#pillar-9,NDIS Provider Registration Number 4050064716,https://telegra.ph/Understanding-NDIS-Provider-Registration-Number-4050064716--Quality-Disability-Supports-8082-08-11
telegra.ph,Live Published Article,LIVE & INDEXED,https://reactcorpdisability.com.au/,ReactCorp Disability Services,https://telegra.ph/Understanding-ReactCorp-Disability-Services--Quality-Disability-Supports-8558-08-11
telegra.ph,Live Published Article,LIVE & INDEXED,https://reactcorpdisability.com.au/blog/#pillar-6,NDIS Personal Care & High Intensity Nursing,https://telegra.ph/Official-Resource-NDIS-Personal-Care--High-Intensity-Nursing--ReactCorp-Disability-Services-1695-08-11
telegra.ph,Live Published Article,LIVE & INDEXED,https://reactcorpdisability.com.au/,ReactCorp Disability Services,https://telegra.ph/Best-Practices-for-ReactCorp-Disability-Services-in-NSW-VIC-ACT-SA--TAS-8003-08-11
telegra.ph,Live Published Article,LIVE & INDEXED,https://reactcorpdisability.com.au/,ReactCorp Disability Services,https://telegra.ph/Understanding-ReactCorp-Disability-Services--Quality-Disability-Supports-7270-08-11
telegra.ph,Live Published Article,LIVE & INDEXED,https://reactcorpdisability.com.au/blog/#pillar-9,NDIS Provider Registration Number 4050064716,https://telegra.ph/Best-Practices-for-NDIS-Provider-Registration-Number-4050064716-in-NSW-VIC-ACT-SA--TAS-1765-08-11
telegra.ph,Live Published Article,LIVE & INDEXED,https://reactcorpdisability.com.au/blog/#pillar-9,NDIS Provider Registration Number 4050064716,https://telegra.ph/Guide-to-NDIS-Provider-Registration-Number-4050064716--ReactCorp-Disability-Services-2026-313-08-11
telegra.ph,Live Published Article,LIVE & INDEXED,https://reactcorpdisability.com.au/blog/#pillar-2,Registered NDIS Service Provider Australia,https://telegra.ph/Best-Practices-for-Registered-NDIS-Service-Provider-Australia-in-NSW-VIC-ACT-SA--TAS-9656-08-11
telegra.ph,Live Published Article,LIVE & INDEXED,https://reactcorpdisability.com.au/blog/#pillar-6,NDIS Personal Care & High Intensity Nursing,https://telegra.ph/Official-Resource-NDIS-Personal-Care--High-Intensity-Nursing--ReactCorp-Disability-Services-1769-08-11
telegra.ph,Live Published Article,LIVE & INDEXED,https://reactcorpdisability.com.au/,ReactCorp Disability Services,https://telegra.ph/Guide-to-ReactCorp-Disability-Services--ReactCorp-Disability-Services-2026-6791-08-11
telegra.ph,Live Published Article,LIVE & INDEXED,https://reactcorpdisability.com.au/,ReactCorp Disability Services,https://telegra.ph/Official-Resource-ReactCorp-Disability-Services--ReactCorp-Disability-Services-7550-08-11
telegra.ph,Live Published Article,LIVE & INDEXED,https://reactcorpdisability.com.au/blog/#pillar-2,Registered NDIS Service Provider Australia,https://telegra.ph/Registered-NDIS-Service-Provider-Australia--Participant-Care-Rights-in-Sydney--Australia-8071-08-11
telegra.ph,Live Published Article,LIVE & INDEXED,https://reactcorpdisability.com.au/blog/#pillar-5,Supported Independent Living SIL Accommodation,https://telegra.ph/Best-Practices-for-Supported-Independent-Living-SIL-Accommodation-in-NSW-VIC-ACT-SA--TAS-5793-08-11
telegra.ph,Live Published Article,LIVE & INDEXED,https://reactcorpdisability.com.au/blog/#pillar-8,24/7 Crisis Support NDIS Respite Care,https://telegra.ph/Guide-to-247-Crisis-Support-NDIS-Respite-Care--ReactCorp-Disability-Services-2026-3490-08-11
telegra.ph,Live Published Article,LIVE & INDEXED,https://reactcorpdisability.com.au/blog/#pillar-2,Registered NDIS Service Provider Australia,https://telegra.ph/Best-Practices-for-Registered-NDIS-Service-Provider-Australia-in-NSW-VIC-ACT-SA--TAS-2528-08-11
telegra.ph,Live Published Article,LIVE & INDEXED,https://reactcorpdisability.com.au/blog/#pillar-3,NDIS Provider Sydney NSW,https://telegra.ph/Official-Resource-NDIS-Provider-Sydney-NSW--ReactCorp-Disability-Services-2223-08-11
telegra.ph,Live Published Article,LIVE & INDEXED,https://reactcorpdisability.com.au/blog/#pillar-3,NDIS Provider Sydney NSW,https://telegra.ph/Official-Resource-NDIS-Provider-Sydney-NSW--ReactCorp-Disability-Services-4115-08-11
telegra.ph,Live Published Article,LIVE & INDEXED,https://reactcorpdisability.com.au/blog/#pillar-6,NDIS Personal Care & High Intensity Nursing,https://telegra.ph/Guide-to-NDIS-Personal-Care--High-Intensity-Nursing--ReactCorp-Disability-Services-2026-1246-08-11
telegra.ph,Live Published Article,LIVE & INDEXED,https://zfrmz.com/sIh6uDqI2c9PaujmOoTR,Online NDIS Referral Form,https://telegra.ph/Understanding-Online-NDIS-Referral-Form--Quality-Disability-Supports-3052-08-11
telegra.ph,Live Published Article,LIVE & INDEXED,https://reactcorpdisability.com.au/blog/#pillar-5,Supported Independent Living SIL Accommodation,https://telegra.ph/Understanding-Supported-Independent-Living-SIL-Accommodation--Quality-Disability-Supports-6871-08-11
telegra.ph,Live Published Article,LIVE & INDEXED,https://reactcorpdisability.com.au/blog/#pillar-3,NDIS Provider Sydney NSW,https://telegra.ph/Best-Practices-for-NDIS-Provider-Sydney-NSW-in-NSW-VIC-ACT-SA--TAS-9852-08-11
telegra.ph,Live Published Article,LIVE & INDEXED,https://reactcorpdisability.com.au/blog/#pillar-5,Supported Independent Living SIL Accommodation,https://telegra.ph/Official-Resource-Supported-Independent-Living-SIL-Accommodation--ReactCorp-Disability-Services-5397-08-11
telegra.ph,Live Published Article,LIVE & INDEXED,https://zfrmz.com/sIh6uDqI2c9PaujmOoTR,Online NDIS Referral Form,https://telegra.ph/Best-Practices-for-Online-NDIS-Referral-Form-in-NSW-VIC-ACT-SA--TAS-7169-08-11
telegra.ph,Live Published Article,LIVE & INDEXED,https://reactcorpdisability.com.au/blog/#pillar-2,Registered NDIS Service Provider Australia,https://telegra.ph/Understanding-Registered-NDIS-Service-Provider-Australia--Quality-Disability-Supports-5275-08-11
telegra.ph,Live Published Article,LIVE & INDEXED,https://reactcorpdisability.com.au/blog/#pillar-5,Supported Independent Living SIL Accommodation,https://telegra.ph/Official-Resource-Supported-Independent-Living-SIL-Accommodation--ReactCorp-Disability-Services-403-08-11
telegra.ph,Live Published Article,LIVE & INDEXED,https://reactcorpdisability.com.au/blog/#pillar-7,NDIS Community Participation,https://telegra.ph/Guide-to-NDIS-Community-Participation--ReactCorp-Disability-Services-2026-4075-08-11
telegra.ph,Live Published Article,LIVE & INDEXED,https://reactcorpdisability.com.au/blog/#pillar-4,NDIS Support Coordination Group 0132,https://telegra.ph/Understanding-NDIS-Support-Coordination-Group-0132--Quality-Disability-Supports-1938-08-11
telegra.ph,Live Published Article,LIVE & INDEXED,https://reactcorpdisability.com.au/blog/#pillar-5,Supported Independent Living SIL Accommodation,https://telegra.ph/Supported-Independent-Living-SIL-Accommodation--Participant-Care-Rights-in-Sydney--Australia-2353-08-11
telegra.ph,Live Published Article,LIVE & INDEXED,https://reactcorpdisability.com.au/blog/#pillar-3,NDIS Provider Sydney NSW,https://telegra.ph/Understanding-NDIS-Provider-Sydney-NSW--Quality-Disability-Supports-3501-08-11
telegra.ph,Live Published Article,LIVE & INDEXED,https://reactcorpdisability.com.au/blog/#pillar-6,NDIS Personal Care & High Intensity Nursing,https://telegra.ph/NDIS-Personal-Care--High-Intensity-Nursing--Participant-Care-Rights-in-Sydney--Australia-5693-08-11
telegra.ph,Live Published Article,LIVE & INDEXED,https://reactcorpdisability.com.au/blog/#pillar-7,NDIS Community Participation,https://telegra.ph/Understanding-NDIS-Community-Participation--Quality-Disability-Supports-5685-08-11
telegra.ph,Live Published Article,LIVE & INDEXED,https://reactcorpdisability.com.au/blog/#pillar-5,Supported Independent Living SIL Accommodation,https://telegra.ph/Guide-to-Supported-Independent-Living-SIL-Accommodation--ReactCorp-Disability-Services-2026-1108-08-11
telegra.ph,Live Published Article,LIVE & INDEXED,https://reactcorpdisability.com.au/blog/#pillar-9,NDIS Provider Registration Number 4050064716,https://telegra.ph/Understanding-NDIS-Provider-Registration-Number-4050064716--Quality-Disability-Supports-2561-08-11
telegra.ph,Live Published Article,LIVE & INDEXED,https://reactcorpdisability.com.au/blog/#pillar-8,24/7 Crisis Support NDIS Respite Care,https://telegra.ph/Best-Practices-for-247-Crisis-Support-NDIS-Respite-Care-in-NSW-VIC-ACT-SA--TAS-6444-08-11
telegra.ph,Live Published Article,LIVE & INDEXED,https://reactcorpdisability.com.au/blog/#pillar-9,NDIS Provider Registration Number 4050064716,https://telegra.ph/Understanding-NDIS-Provider-Registration-Number-4050064716--Quality-Disability-Supports-3019-08-11
telegra.ph,Live Published Article,LIVE & INDEXED,https://reactcorpdisability.com.au/blog/#pillar-3,NDIS Provider Sydney NSW,https://telegra.ph/Official-Resource-NDIS-Provider-Sydney-NSW--ReactCorp-Disability-Services-6984-08-11
telegra.ph,Live Published Article,LIVE & INDEXED,https://reactcorpdisability.com.au/blog/#pillar-2,Registered NDIS Service Provider Australia,https://telegra.ph/Official-Resource-Registered-NDIS-Service-Provider-Australia--ReactCorp-Disability-Services-716-08-11
telegra.ph,Live Published Article,LIVE & INDEXED,https://reactcorpdisability.com.au/blog/#pillar-6,NDIS Personal Care & High Intensity Nursing,https://telegra.ph/Best-Practices-for-NDIS-Personal-Care--High-Intensity-Nursing-in-NSW-VIC-ACT-SA--TAS-7143-08-11
telegra.ph,Live Published Article,LIVE & INDEXED,https://reactcorpdisability.com.au/blog/#pillar-5,Supported Independent Living SIL Accommodation,https://telegra.ph/Guide-to-Supported-Independent-Living-SIL-Accommodation--ReactCorp-Disability-Services-2026-1059-08-11
telegra.ph,Live Published Article,LIVE & INDEXED,https://reactcorpdisability.com.au/blog/#pillar-9,NDIS Provider Registration Number 4050064716,https://telegra.ph/Best-Practices-for-NDIS-Provider-Registration-Number-4050064716-in-NSW-VIC-ACT-SA--TAS-2452-08-11
telegra.ph,Live Published Article,LIVE & INDEXED,https://zfrmz.com/sIh6uDqI2c9PaujmOoTR,Online NDIS Referral Form,https://telegra.ph/Guide-to-Online-NDIS-Referral-Form--ReactCorp-Disability-Services-2026-7821-08-11
telegra.ph,Live Published Article,LIVE & INDEXED,https://reactcorpdisability.com.au/blog/#pillar-2,Registered NDIS Service Provider Australia,https://telegra.ph/Guide-to-Registered-NDIS-Service-Provider-Australia--ReactCorp-Disability-Services-2026-5349-08-11
telegra.ph,Live Published Article,LIVE & INDEXED,https://reactcorpdisability.com.au/blog/#pillar-7,NDIS Community Participation,https://telegra.ph/Understanding-NDIS-Community-Participation--Quality-Disability-Supports-4191-08-11
telegra.ph,Live Published Article,LIVE & INDEXED,https://reactcorpdisability.com.au/blog/#pillar-7,NDIS Community Participation,https://telegra.ph/Best-Practices-for-NDIS-Community-Participation-in-NSW-VIC-ACT-SA--TAS-8172-08-11
telegra.ph,Live Published Article,LIVE & INDEXED,https://zfrmz.com/sIh6uDqI2c9PaujmOoTR,Online NDIS Referral Form,https://telegra.ph/Official-Resource-Online-NDIS-Referral-Form--ReactCorp-Disability-Services-1085-08-11
telegra.ph,Live Published Article,LIVE & INDEXED,https://zfrmz.com/sIh6uDqI2c9PaujmOoTR,Online NDIS Referral Form,https://telegra.ph/Best-Practices-for-Online-NDIS-Referral-Form-in-NSW-VIC-ACT-SA--TAS-9037-08-11
telegra.ph,Live Published Article,LIVE & INDEXED,https://reactcorpdisability.com.au/blog/#pillar-3,NDIS Provider Sydney NSW,https://telegra.ph/Official-Resource-NDIS-Provider-Sydney-NSW--ReactCorp-Disability-Services-5469-08-11
telegra.ph,Live Published Article,LIVE & INDEXED,https://reactcorpdisability.com.au/blog/#pillar-6,NDIS Personal Care & High Intensity Nursing,https://telegra.ph/Best-Practices-for-NDIS-Personal-Care--High-Intensity-Nursing-in-NSW-VIC-ACT-SA--TAS-638-08-11
telegra.ph,Live Published Article,LIVE & INDEXED,https://reactcorpdisability.com.au/blog/#pillar-5,Supported Independent Living SIL Accommodation,https://telegra.ph/Official-Resource-Supported-Independent-Living-SIL-Accommodation--ReactCorp-Disability-Services-8049-08-11
telegra.ph,Live Published Article,LIVE & INDEXED,https://reactcorpdisability.com.au/blog/#pillar-3,NDIS Provider Sydney NSW,https://telegra.ph/Official-Resource-NDIS-Provider-Sydney-NSW--ReactCorp-Disability-Services-8850-08-11
telegra.ph,Live Published Article,LIVE & INDEXED,https://reactcorpdisability.com.au/blog/#pillar-5,Supported Independent Living SIL Accommodation,https://telegra.ph/Supported-Independent-Living-SIL-Accommodation--Participant-Care-Rights-in-Sydney--Australia-3052-08-11
telegra.ph,Live Published Article,LIVE & INDEXED,https://reactcorpdisability.com.au/blog/#pillar-8,24/7 Crisis Support NDIS Respite Care,https://telegra.ph/Guide-to-247-Crisis-Support-NDIS-Respite-Care--ReactCorp-Disability-Services-2026-7389-08-11
telegra.ph,Live Published Article,LIVE & INDEXED,https://reactcorpdisability.com.au/blog/#pillar-7,NDIS Community Participation,https://telegra.ph/NDIS-Community-Participation--Participant-Care-Rights-in-Sydney--Australia-1584-08-11
telegra.ph,Live Published Article,LIVE & INDEXED,https://reactcorpdisability.com.au/blog/#pillar-5,Supported Independent Living SIL Accommodation,https://telegra.ph/Official-Resource-Supported-Independent-Living-SIL-Accommodation--ReactCorp-Disability-Services-3860-08-11
telegra.ph,Live Published Article,LIVE & INDEXED,https://reactcorpdisability.com.au/blog/#pillar-7,NDIS Community Participation,https://telegra.ph/Guide-to-NDIS-Community-Participation--ReactCorp-Disability-Services-2026-1365-08-11
telegra.ph,Live Published Article,LIVE & INDEXED,https://reactcorpdisability.com.au/blog/#pillar-6,NDIS Personal Care & High Intensity Nursing,https://telegra.ph/Guide-to-NDIS-Personal-Care--High-Intensity-Nursing--ReactCorp-Disability-Services-2026-354-08-11
telegra.ph,Live Published Article,LIVE & INDEXED,https://reactcorpdisability.com.au/blog/#pillar-9,NDIS Provider Registration Number 4050064716,https://telegra.ph/Official-Resource-NDIS-Provider-Registration-Number-4050064716--ReactCorp-Disability-Services-1991-08-11
telegra.ph,Live Published Article,LIVE & INDEXED,https://reactcorpdisability.com.au/blog/#pillar-7,NDIS Community Participation,https://telegra.ph/NDIS-Community-Participation--Participant-Care-Rights-in-Sydney--Australia-9029-08-11
telegra.ph,Live Published Article,LIVE & INDEXED,https://reactcorpdisability.com.au/,ReactCorp Disability Services,https://telegra.ph/Guide-to-ReactCorp-Disability-Services--ReactCorp-Disability-Services-2026-5489-08-11
telegra.ph,Live Published Article,LIVE & INDEXED,https://reactcorpdisability.com.au/blog/#pillar-9,NDIS Provider Registration Number 4050064716,https://telegra.ph/Understanding-NDIS-Provider-Registration-Number-4050064716--Quality-Disability-Supports-1497-08-11
telegra.ph,Live Published Article,LIVE & INDEXED,https://reactcorpdisability.com.au/blog/#pillar-7,NDIS Community Participation,https://telegra.ph/Official-Resource-NDIS-Community-Participation--ReactCorp-Disability-Services-3196-08-11
telegra.ph,Live Published Article,LIVE & INDEXED,https://reactcorpdisability.com.au/,ReactCorp Disability Services,https://telegra.ph/Understanding-ReactCorp-Disability-Services--Quality-Disability-Supports-6109-08-11
telegra.ph,Live Published Article,LIVE & INDEXED,https://reactcorpdisability.com.au/blog/#pillar-8,24/7 Crisis Support NDIS Respite Care,https://telegra.ph/Best-Practices-for-247-Crisis-Support-NDIS-Respite-Care-in-NSW-VIC-ACT-SA--TAS-9857-08-11
telegra.ph,Live Published Article,LIVE & INDEXED,https://reactcorpdisability.com.au/blog/#pillar-3,NDIS Provider Sydney NSW,https://telegra.ph/Understanding-NDIS-Provider-Sydney-NSW--Quality-Disability-Supports-1882-08-11
